{
    "CER": 0.002034587995930824,
    "WER": 0.007659769063678976,
    "Accuracy": 0.9744,
    "Total Samples": 5000
}