{
  "test_cer": 0.0012308387201034247,
  "test_wer": 0.005749999999999996,
  "test_acc": 0.982
}