{
  "train_loss": [
    4.327887259352321,
    1.2468506343924581,
    0.11027938154892038,
    0.048111202826086705,
    0.02860757110182184,
    0.01985155256203236,
    0.013974926395776173,
    0.014045435268753253,
    0.00959880706317092,
    0.012802245237450964,
    0.007000172877470002,
    0.007351160139446489,
    0.011731352781305632,
    0.008487462434886446,
    0.004689800967730153,
    0.009652066901073264,
    0.0063060886948518215,
    0.003542576169114584,
    0.005351761630948294,
    0.006617036707790051,
    0.004238059489371124,
    0.005374060751060946,
    0.005573682344653242,
    0.001740396352097639,
    0.0020765639348651103,
    0.0014668029388312412,
    0.00944928847914993,
    0.002645644588401904,
    0.002061648484434376,
    0.004627354061399317
  ],
  "dev_cer": [
    0.8348593126644801,
    0.052725410569822245,
    0.024295377188171548,
    0.01163393825129133,
    0.011912627486892322,
    0.0070677976598565095,
    0.011573590282266896,
    0.005441190786337853,
    0.010635087428911073,
    0.005743584438437391,
    0.00233514371249665,
    0.0035479207720384167,
    0.003275165977813032,
    0.004200200991818644,
    0.0032541161616161545,
    0.002408568196509368,
    0.0035483367286308445,
    0.0032049736374736315,
    0.004271348047377463,
    0.0029164866016336537,
    0.002010088196117605,
    0.002605921137685839,
    0.00217058859441212,
    0.0017343532611179644,
    0.004823818420141955,
    0.0036233689186630337,
    0.003247692193427482,
    0.0017209700430288646,
    0.0012389813944225696,
    0.003734638645668058
  ],
  "dev_wer": [
    0.9999277777777777,
    0.21953936507936636,
    0.10601222222222156,
    0.059495238095238094,
    0.05284047619047634,
    0.03186666666666667,
    0.05222000000000016,
    0.025416666666666622,
    0.047423333333333505,
    0.027133333333333308,
    0.010603333333333341,
    0.018203333333333325,
    0.015390000000000003,
    0.01878333333333332,
    0.015613333333333338,
    0.010780000000000014,
    0.017496666666666664,
    0.0149252380952381,
    0.021253333333333308,
    0.013203333333333348,
    0.00859666666666667,
    0.01210000000000001,
    0.009700000000000007,
    0.007980000000000001,
    0.02282999999999997,
    0.016856666666666666,
    0.015026666666666674,
    0.007696666666666667,
    0.005353333333333331,
    0.01724999999999999
  ],
  "dev_acc": [
    0.0,
    0.4448,
    0.6952,
    0.8408,
    0.8382,
    0.8986,
    0.8378,
    0.9204,
    0.8538,
    0.9158,
    0.9658,
    0.9522,
    0.9524,
    0.9394,
    0.9522,
    0.9654,
    0.9476,
    0.9534,
    0.938,
    0.9572,
    0.971,
    0.9612,
    0.9674,
    0.9744,
    0.9276,
    0.9474,
    0.9516,
    0.9778,
    0.9826,
    0.9434
  ]
}