{
    "CER": 0.0019969104404506236,
    "WER": 0.007030982050988911,
    "Accuracy": 0.976,
    "Total Samples": 5000
}