{
    "CER": 0.20055762782110698,
    "WER": 0.7902709500400137,
    "Accuracy": 0.0002,
    "Total Samples": 5000
}