{
    "CER": 0.004069175991861648,
    "WER": 0.01663427460843718,
    "Accuracy": 0.9442,
    "Total Samples": 5000
}