{
    "CER": 0.0037551963628599774,
    "WER": 0.011489653595518463,
    "Accuracy": 0.9686,
    "Total Samples": 5000
}