{
    "CER": 0.0022480941436519596,
    "WER": 0.008745855721961815,
    "Accuracy": 0.972,
    "Total Samples": 5000
}